Month,Year,Website_Builds_Count,Website_Revenue,Maintenance_Clients,Maintenance_Revenue,Total_Revenue,Claude_Cost,Server_Cost,Stripe_Fees,Total_Costs,Gross_Profit,Profit_Margin,Cash_Invested_Stocks,Cash_Available,Notes
January,2026,3,7500.00,0,0.00,7500.00,20.00,16.00,217.00,253.00,7247.00,96.6%,0.00,7247.00,Start of operations - ramping up
February,2026,4,10000.00,2,200.00,10200.00,20.00,16.00,295.00,331.00,9869.00,96.8%,5000.00,4869.00,First maintenance clients recurring
March,2026,3,7500.00,2,200.00,7700.00,20.00,16.00,223.00,259.00,7441.00,96.6%,0.00,7441.00,3 websites in build (pending completion)
April,2026,4,10000.00,5,500.00,10500.00,20.00,16.00,304.00,340.00,10160.00,96.8%,0.00,10160.00,Maintenance base growing
May,2026,4,10000.00,8,800.00,10800.00,20.00,16.00,313.00,349.00,10451.00,96.8%,5000.00,5451.00,Recurring revenue accelerating
June,2026,4,10000.00,10,1000.00,11000.00,20.00,16.00,319.00,355.00,10645.00,96.8%,0.00,10645.00,Double digit maintenance clients
July,2026,4,10000.00,12,1200.00,11200.00,20.00,16.00,324.00,360.00,10840.00,96.8%,0.00,10840.00,Solid pipeline
August,2026,4,10000.00,15,1500.00,11500.00,20.00,16.00,333.00,369.00,11131.00,96.8%,5000.00,6131.00,Growth accelerating
September,2026,4,10000.00,18,1800.00,11800.00,20.00,16.00,342.00,378.00,11422.00,96.8%,0.00,11422.00,Compound growth
October,2026,4,10000.00,22,2200.00,12200.00,20.00,16.00,354.00,390.00,11810.00,96.8%,0.00,11810.00,Scaling
November,2026,4,10000.00,26,2600.00,12600.00,20.00,16.00,365.00,401.00,12199.00,96.8%,5000.00,7199.00,Strong finish
December,2026,4,10000.00,30,3000.00,13000.00,20.00,16.00,377.00,413.00,12587.00,96.8%,0.00,12587.00,Full run rate achieved